feature,metric,score,p_value,n_effective
close,pearson,-0.0391197699115102,0.3387678190262635,600
close,spearman,-0.028937913716426986,0.47925503515140133,600
signal_sentiment,pearson,-0.017610661832914213,0.6668281932028672,600
signal_macro,spearman,-0.015602432228978414,0.7029018453501709,600
signal_macro,pearson,0.015105184951037633,0.7119418005006651,600
signal_web,pearson,0.013351272909428072,0.7441439601978126,600
signal_sentiment,spearman,-0.009107191964422123,0.8238319275924214,600
signal_web,spearman,0.006023738954830429,0.88293902875924,600
